Card_ID,CardName,CardNumber,ExpiryDate,CVV,BillingAddress,CardType
1,Beach,5370 9445 9606 0152,2022-02-25,996,"Banffshire,Portsoy,Somalia",Discover
2,George,5479 0864 6570 8600,2028-01-03,415,"North Island,Kerikeri,Ireland",Discover
3,Mack,5544 8931 7884 0757,2027-06-01,673,"West-Vlaanderen,Bossuit,Palestine, State of",American Express
4,Shaw,5410 8485 0147 7025,2026-01-18,844,"UP,Hathras,Romania",Maestro
5,Alston,5526 8359 5051 8178,2029-11-10,825,"Idaho,Boise,Brazil",American Express
6,Stone,5173 8925 4145 3320,2022-03-10,400,"Hamburg,Hamburg,Côte D'Ivoire (Ivory Coast)",Discover
7,Rhodes,5525 4660 2819 5715,2027-01-24,252,"WI,Milwaukee,Eritrea",Maestro
8,Dodson,5186 5699 2384 2321,2025-01-01,725,"LA,Lafayette,Virgin Islands, United States",Visa
9,Simpson,5160 1952 8718 3415,2029-02-06,339,"Oklahoma,Lawton,Moldova",Visa
10,Zimmerman,5488 6511 3549 4367,2021-11-29,469,"Basse-Normandie,Saint-Lô,Andorra",MasterCard
11,Pacheco,5540 5109 4203 4277,2027-05-04,599,"Minas Gerais,Sete Lagoas,Bahrain",Discover
12,Peterson,5283 9109 8274 6700,2025-03-24,694,"H,Ulloa (Barrial),Benin",MasterCard
13,Glass,5299 5773 1318 7979,2023-07-23,847,"KN,Kano,Burkina Faso",American Express
14,Schultz,5420 8640 5000 6444,2025-06-03,450,"Wi,Vienna,Bosnia and Herzegovina",Maestro
15,Slater,5554 4067 1858 6496,2022-11-01,463,"AB,Lacombe,Uganda",Visa
16,Payne,5559 1960 5193 6813,2029-01-11,856,"TX,San Antonio,Tonga",Discover
17,Knapp,5116 0759 2148 3097,2028-11-19,921,"Zl,Middelburg,Anguilla",American Express
18,Rowe,5337 4898 0009 8657,2024-02-28,127,"KL,Allappuzha,Croatia",Visa
19,Bird,5235 8886 0004 1762,2026-09-16,722,"WV,Ingooigem,Sint Maarten",Maestro
20,Copeland,5348 2059 8903 3894,2025-11-10,534,"Pernambuco,Camaragibe,Ukraine",American Express
21,Dunn,5133 6582 7669 2765,2029-10-09,443,"QC,Montreal,Slovenia",American Express
22,Hansen,5412 6925 0744 7592,2026-10-21,375,"IL,Boulogne-Billancourt,Liechtenstein",Discover
23,Chen,5428 4692 1086 9210,2022-12-06,950,"LU,Biała Podlaska,Cambodia",Discover
24,Hawkins,5273 1284 7496 7112,2026-10-10,462,"GA,Georgia,United States",Visa
25,Richards,5461 9739 7006 6543,2028-10-24,432,"LI,Brive-la-Gaillarde,Mauritius",American Express
26,Rodgers,5268 5713 5386 6326,2030-03-24,362,"CA,Fresno,Singapore",MasterCard
27,Munoz,5462 4235 6758 4432,2021-09-22,909,"Ontario,East Gwillimbury,Saint Helena, Ascension and Tristan da Cunha",Visa
28,Buck,5171 3975 8887 8860,2027-12-30,790,"NT,Nottingham,Netherlands",Visa
29,Rivera,5483 2506 3588 6530,2026-12-25,633,"CA,Frigento,Norfolk Island",MasterCard
30,Morris,5397 8284 2039 5042,2021-07-28,591,"C,Carmen,Trinidad and Tobago",Maestro
31,Vance,5125 2565 5255 2629,2023-03-09,232,"Małopolskie,Kraków,Jamaica",MasterCard
32,Blevins,5375 2968 6291 7606,2027-12-24,959,"RF,Johnstone,Andorra",American Express
33,Beard,5576 2165 8944 3345,2030-04-14,700,"Bihar,Patna,Iceland",Discover
34,Valentine,5448 1676 5752 3417,2029-10-05,635,"WB,Berhampore,Czech Republic",Discover
35,Mccullough,5195 8884 7324 3246,2023-04-04,436,"HB,Bremerhaven,Montserrat",American Express
36,Coffey,5295 1462 2229 7909,2027-08-28,314,"LA,Sète,Korea, South",American Express
37,Cochran,5418 8726 0962 9776,2028-02-17,919,"North Island,Lower Hutt,Libya",American Express
38,Townsend,5179 8822 7861 4164,2026-02-06,386,"C,Carmen,Taiwan",Discover
39,Richards,5547 7256 1195 2145,2024-05-06,810,"Maharastra,Malegaon,Saint Vincent and The Grenadines",Maestro
40,Hunt,5344 0394 9887 4421,2026-08-29,957,"SP,Carapicuíba,Guatemala",Discover
41,Johnson,5562 9076 0886 9538,2025-07-14,806,"Henegouwen,Froidchapelle,Azerbaijan",MasterCard
42,Warner,5187 3778 8603 7650,2024-03-20,526,"IL,Aubervilliers,French Guiana",Visa
43,Rhodes,5328 2014 3130 6297,2024-03-16,487,"MH,Malegaon,Aruba",MasterCard
44,Fuentes,5208 1681 8821 6927,2026-08-12,608,"NI,Hamilton,San Marino",American Express
45,Maxwell,5185 9512 3813 2195,2029-02-08,347,"CO,Denver,Liberia",Visa
46,Buck,5102 1074 0757 4424,2023-12-23,718,"SI,Dunedin,Anguilla",MasterCard
47,Bowman,5204 6002 1964 4861,2030-03-26,493,"AN,Cádiz,Chile",Visa
48,Vaughn,5567 1995 5848 7199,2026-02-17,946,"VI,Horsham,Guernsey",MasterCard
49,Dale,5350 8328 8853 5672,2023-10-03,490,"Alajuela,San José de Alajuela,Bolivia",Maestro
50,Strong,5415 0196 1216 0521,2022-11-29,784,"WA,Stratford-upon-Avon,South Georgia and The South Sandwich Islands",Visa
51,Schultz,5529 9191 5226 4190,2020-12-31,206,"Perthshire,Coupar Angus,Cocos (Keeling) Islands",Visa
52,Wiley,5482 6905 4007 1143,2027-11-17,998,"ON,LaSalle,Russian Federation",Discover
53,Mays,5459 5501 2805 5224,2030-05-07,703,"SJ,San Isidro de El General,United Kingdom (Great Britain)",MasterCard
54,House,5123 9029 8218 1495,2030-05-26,250,"Ontario,Windsor,Croatia",MasterCard
55,Sandoval,5505 1853 5596 4006,2025-02-01,555,"MS,Hattiesburg,Guinea",MasterCard
56,Snow,5205 2760 1479 6229,2021-04-27,457,"MN,Duluth,Trinidad and Tobago",Maestro
57,Wynn,5266 3871 2835 0823,2022-02-07,177,"OY,Iseyin,Saudi Arabia",Maestro
58,Blake,5142 5093 1074 4006,2025-10-15,441,"Gl,Hattem,Kenya",Visa
59,Rivas,5239 6426 0511 2847,2022-03-01,257,"Saxony,Mei�en,Bouvet Island",Maestro
60,Osborne,5355 3010 3634 0802,2030-04-13,828,"SJ,Mata de Plátano,Bosnia and Herzegovina",MasterCard
61,Aguirre,5516 4460 6537 5405,2028-01-31,594,"VB,Hoeilaart,Bolivia",Visa
62,Gordon,5460 4241 8772 3824,2027-05-26,764,"NS,Penrith,Niger",Maestro
63,Bell,5131 9612 0019 9507,2024-04-23,556,"HH,Hamburg,Papua New Guinea",American Express
64,Moore,5575 1312 0442 0175,2030-03-23,470,"Wi,Vienna,Trinidad and Tobago",MasterCard
65,Ray,5595 9672 0747 7241,2025-09-14,141,"OR,Portland,Guinea",Maestro
66,Weber,5297 0418 3244 2458,2027-08-26,320,"Pernambuco,Camaragibe,French Guiana",MasterCard
67,Garner,5486 0184 1179 9509,2029-10-15,193,"Radnorshire,Presteigne,El Salvador",MasterCard
68,Johns,5570 1184 6451 5385,2029-02-25,299,"Comunitat Valenciana,Elx,Brunei",Visa
69,Moses,5125 1628 3592 1922,2029-11-06,472,"QC,Rimouski,Hungary",Maestro
70,Walter,5120 9381 3855 2802,2027-10-24,644,"San José,Tirrases,Tokelau",Visa
71,Marsh,5292 0878 1135 0746,2022-07-10,206,"CA,Tarrasa,Saudi Arabia",Visa
72,Weber,5526 6220 1787 6918,2029-11-05,688,"WA,Solihull,Lithuania",MasterCard
73,Armstrong,5161 8350 7995 2431,2029-11-17,982,"RJ,Belford Roxo,Colombia",Maestro
74,Witt,5150 1329 7528 4785,2029-03-09,657,"Berlin,Berlin,Canada",MasterCard
75,Branch,5568 5916 6294 6830,2030-05-29,789,"LO,Corvino San Quirico,Namibia",Visa
76,Fuentes,5451 6932 3486 0349,2024-10-20,719,"VI,Frankston,Tokelau",American Express
77,Cohen,5153 6314 8529 2037,2024-10-27,335,"NI,Huntly,Haiti",Maestro
78,Horton,5525 8858 6744 1577,2029-12-18,990,"LX,Nives,Thailand",Visa
79,Swanson,5267 1874 7295 3753,2024-09-14,544,"Ontario,Pickering,Gabon",Visa
80,Velez,5477 4708 6383 7090,2026-12-12,947,"Rajasthan,Pali,Christmas Island",MasterCard
81,Cooley,5359 5197 6665 7998,2026-03-02,520,"HH,Hamburg,Yemen",Maestro
82,Gates,5261 3057 1277 7057,2023-02-12,691,"Vienna,Vienna,Slovenia",MasterCard
83,Knox,5172 1901 1361 2279,2027-12-19,988,"KN,Kano,Serbia",MasterCard
84,Love,5192 0006 1014 8279,2027-11-29,510,"SP,Guarulhos,Timor-Leste",Maestro
85,Ford,5114 1869 7054 0935,2026-05-08,720,"SK,Weyburn,Greece",Visa
86,Wolfe,5317 4256 7436 1692,2030-05-14,308,"West-Vlaanderen,Sint-Kruis,Sweden",Maestro
87,Head,5196 9810 2998 3008,2028-04-28,601,"BO,Bama,Malta",Maestro
88,Reese,5590 2226 1274 4511,2029-05-17,449,"Zeeland,Sluis,United States",MasterCard
89,Hall,5177 3523 6599 8831,2022-04-17,517,"KO,Okene,Paraguay",Maestro
90,Miranda,5446 7631 3590 4492,2024-04-16,356,"Bahia,Feira de Santana,Comoros",Visa
91,Lynn,5424 6719 1464 5390,2027-11-29,324,"SJ,Mata de Plátano,Uruguay",MasterCard
92,Dillon,5344 6110 5916 6973,2022-07-16,797,"Noord Holland,Edam,Finland",Visa
93,Hooper,5181 8154 3675 1524,2026-01-05,225,"WL,Livingston,Australia",American Express
94,Ochoa,5329 7382 6666 1352,2022-12-15,983,"Andhra Pradesh,Anantapur,Sri Lanka",Maestro
95,Haynes,5493 7018 7573 0489,2022-12-14,842,"Vermont,South Burlington,Antarctica",MasterCard
96,Robles,5107 1945 7285 4489,2028-12-13,389,"BC,Nakusp,Micronesia",Discover
97,Hardin,5164 1805 9698 9054,2023-05-29,309,"Jigawa,Dutse,Panama",Maestro
98,Miller,5593 8085 8106 9414,2023-07-07,980,"Oklahoma,Broken Arrow,Venezuela",MasterCard
99,Stanley,5369 2109 4394 8371,2023-03-24,997,"Sb,Sankt Johann im Pongau,Zambia",American Express
100,Gray,5592 7783 9794 4251,2023-01-13,917,"SO,Glastonbury,Netherlands",American Express
101,Aimee,5402 9696 2184 7028,2024-12-18,590,Ap #413-1481 Non Av.,American Express
102,Danielle,5437 1541 7350 0262,2021-03-21,872,Ap #780-8412 Id St.,MasterCard
103,Sonya,5248 8308 1113 1227,2022-04-05,167,6217 Vitae Rd.,American Express
104,Marny,5349 7931 0422 4570,2024-10-05,357,"P.O. Box 509, 1470 Nullam Avenue",Visa
105,Miriam,5504 6306 2142 0706,2024-10-12,719,505-1028 Nunc Ave,American Express
106,Odette,5100 9930 0186 8649,2025-02-17,651,Ap #834-7621 Diam Street,Visa
107,Tatum,5574 3740 6950 5844,2025-01-27,685,Ap #885-3883 Sociosqu Ave,MasterCard
108,Stewart,5108 7288 2225 3643,2025-07-06,679,115-499 At St.,Visa
109,Jasper,5472 0031 8978 6520,2021-11-19,786,365-3802 Arcu. Rd.,MasterCard
110,Jamalia,5577 8253 5794 4935,2027-06-30,470,"P.O. Box 167, 8476 Molestie. Street",MasterCard
